product_id,asin,seller_sku,title,brand,model,product_type,status,quantity,attributes_json,price,currency
fa4dd35a-2679-4aee-b922-4d1bbb8cf49b,B03642476,SKU-67261,Indoor Basketball 361,AeroFit,AE-Elite57,Team Sports,Available,79,"{""surface"": ""Synthetic Leather"", ""regulation"": true, ""color"": ""Blue""}",4.55,EUR
a58499c4-0735-4d02-9e35-5114b1499ff2,B03941912,SKU-59595,Foam Roller 363,Enduro,EN-Prime32,Recovery,Available,124,"{""density"": ""Firm"", ""length_in"": 34, ""color"": ""Green""}",6.73,EUR
6441f566-1b75-4604-a414-00a015a3b028,B06338793,SKU-90134,Resistance Bands Kit 374,FlexBands,FL-Pro32,Functional Training,Available,318,"{""tension_levels"": ""Light"", ""includes_door_anchor"": false, ""color"": ""Green""}",7.63,EUR
46200d52-7590-4132-b4c2-309451ca1302,B02488575,SKU-97821,Folding Treadmill 73,Momentum,MO-Elite73,Cardio Equipment,OutOfStock,85,"{""motor_hp"": 2.2, ""max_speed_mph"": 8.3, ""color"": ""Blue""}",4.17,EUR
fd1da709-107d-469e-a304-e7df6ab3d952,B02812519,SKU-10167,Foam Roller 136,AeroFit,AE-Core11,Recovery,Available,412,"{""density"": ""Soft"", ""length_in"": 19, ""color"": ""Black""}",9.36,EUR
6ea7dc2d-6631-4e83-8402-9b54c7515726,B02701688,SKU-72847,Adjustable Dumbbell Set 86,GymNova,GY-Core63,Strength Training,Available,202,"{""material"": ""Cast Iron"", ""weight_lb"": 41, ""color"": ""Red""}",11.12,EUR
d83d25ec-6b32-451b-bfc2-40815eb25aec,B02756994,SKU-19725,Indoor Basketball 38,CourtPro,CO-Pro67,Team Sports,Available,497,"{""surface"": ""Composite Leather"", ""regulation"": false, ""color"": ""Black""}",11.86,EUR
f2949953-ef61-46b8-97ba-7f770daeb3a8,B09098979,SKU-14062,Resistance Bands Kit 375,PulseStride,PU-Ultra30,Functional Training,Available,324,"{""tension_levels"": ""Light"", ""includes_door_anchor"": true, ""color"": ""Blue""}",10.57,EUR
3eb2d5fe-9d89-4b63-912d-05701cdc963e,B05450404,SKU-96585,Eco Yoga Mat 81,PulseStride,PU-Max65,Yoga,Available,293,"{""length_cm"": 173.9, ""thickness_mm"": 5.3, ""color"": ""Gray""}",15.81,EUR
cbce7165-5261-4677-9f88-00f38fd32d4b,B08174037,SKU-21485,Resistance Bands Kit 26,FlexBands,FL-Advance22,Functional Training,Available,11,"{""tension_levels"": ""X-Heavy"", ""includes_door_anchor"": false, ""color"": ""Gray""}",9.87,EUR
b018b9a6-3606-49c1-abf9-1f5bb654286c,B08945197,SKU-25139,Resistance Bands Kit 50,Momentum,MO-Core35,Functional Training,Available,51,"{""tension_levels"": ""Light"", ""includes_door_anchor"": true, ""color"": ""Gray""}",4.59,EUR
36ebf8ea-3ed0-4296-a713-305a814e79ae,B07399588,SKU-58418,Resistance Bands Kit 339,GymNova,GY-Core72,Functional Training,Available,199,"{""tension_levels"": ""Heavy"", ""includes_door_anchor"": true, ""color"": ""Green""}",5.70,EUR
37b52cb1-403d-4052-87d8-59c252f041b3,B02622400,SKU-21233,Folding Treadmill 226,Enduro,EN-X143,Cardio Equipment,Available,87,"{""motor_hp"": 2.4, ""max_speed_mph"": 8.9, ""color"": ""Blue""}",4.14,EUR
608bc062-92d0-4f51-a90d-b255fbfd9fcc,B09767475,SKU-64870,Foam Roller 388,AeroFit,AE-Edge62,Recovery,Available,208,"{""density"": ""Firm"", ""length_in"": 19, ""color"": ""Green""}",9.12,EUR
7829d54a-7b97-4c35-a17c-d1c49083ab64,B01582647,SKU-75811,Indoor Basketball 244,Enduro,EN-Max40,Team Sports,OutOfStock,365,"{""surface"": ""Synthetic Leather"", ""regulation"": true, ""color"": ""Red""}",7.89,EUR
7deb0976-4f23-4d3d-8080-dd482a3f3546,B04554926,SKU-35260,Indoor Basketball 318,Kinetic,KI-Max96,Team Sports,Available,95,"{""surface"": ""Composite Leather"", ""regulation"": true, ""color"": ""Red""}",9.87,EUR
2bcf4513-17d5-451b-b59c-97f63dccc25f,B06364506,SKU-18783,Folding Treadmill 350,IronFlex,IR-Ultra20,Cardio Equipment,OutOfStock,132,"{""motor_hp"": 2.4, ""max_speed_mph"": 12.0, ""color"": ""Gray""}",12.26,EUR
c81748d9-6d8e-4b21-878a-a264ded8be25,B01207430,SKU-91665,Adjustable Dumbbell Set 283,GymNova,GY-Edge60,Strength Training,Available,479,"{""material"": ""Cast Iron"", ""weight_lb"": 64, ""color"": ""Blue""}",6.37,EUR
9f751d01-883c-4396-8f52-d41c49825e0e,B02681144,SKU-23845,Indoor Basketball 213,Kinetic,KI-Ultra24,Team Sports,Available,398,"{""surface"": ""Composite Leather"", ""regulation"": true, ""color"": ""Green""}",11.90,EUR
f4457323-4371-4dff-9a12-99c1680dc8dc,B08936405,SKU-14910,Indoor Basketball 177,ZenFlow,ZE-Series278,Team Sports,Available,302,"{""surface"": ""Synthetic Leather"", ""regulation"": false, ""color"": ""Red""}",4.98,EUR
ef8b96a1-fd66-4b99-a39f-0ce5f40e167c,B06561547,SKU-41139,Folding Treadmill 317,FlexBands,FL-Ultra28,Cardio Equipment,Available,460,"{""motor_hp"": 2.7, ""max_speed_mph"": 10.8, ""color"": ""Black""}",10.15,EUR
4e4dbcb6-7a8d-404f-8845-b3c01d1000ed,B09248001,SKU-99764,Adjustable Dumbbell Set 11,Enduro,EN-Series257,Strength Training,Available,441,"{""material"": ""Cast Iron"", ""weight_lb"": 62, ""color"": ""Blue""}",8.20,EUR
82f2828a-92f0-42bf-ac6b-a48c6f9b0cbd,B02497984,SKU-34633,Adjustable Dumbbell Set 381,CourtPro,CO-Pro48,Strength Training,Available,223,"{""material"": ""Cast Iron"", ""weight_lb"": 59, ""color"": ""Blue""}",9.45,EUR
1732e925-beeb-4401-9752-e9f9043b9459,B02100870,SKU-50779,Eco Yoga Mat 389,CourtPro,CO-Ultra72,Yoga,Available,91,"{""length_cm"": 181.8, ""thickness_mm"": 5.5, ""color"": ""Black""}",5.38,EUR
445e3361-f042-449b-841d-2177acbc47ea,B04367636,SKU-17553,Foam Roller 400,Kinetic,KI-Ultra27,Recovery,Available,458,"{""density"": ""Firm"", ""length_in"": 30, ""color"": ""Black""}",9.74,EUR
5e146a35-6230-4e49-938c-85c6b31a11d8,B03078241,SKU-99282,Folding Treadmill 185,IronFlex,IR-Core16,Cardio Equipment,Available,335,"{""motor_hp"": 2.9, ""max_speed_mph"": 9.1, ""color"": ""Red""}",10.93,EUR
05da7dbe-60db-4e3a-8bcc-e54653dd60f6,B06775539,SKU-31432,Adjustable Dumbbell Set 305,CourtPro,CO-Prime72,Strength Training,Available,189,"{""material"": ""Cast Iron"", ""weight_lb"": 21, ""color"": ""Red""}",7.80,EUR
a50ab185-b9fb-4967-ad5a-89be673ccbc9,B04713654,SKU-94853,Resistance Bands Kit 198,ZenFlow,ZE-Series213,Functional Training,Available,119,"{""tension_levels"": ""Light"", ""includes_door_anchor"": true, ""color"": ""Green""}",3.69,EUR
c10e4bba-4e17-4c27-ae84-b6efd64b2aeb,B03905824,SKU-88792,Folding Treadmill 210,CourtPro,CO-Series293,Cardio Equipment,Available,77,"{""motor_hp"": 2.5, ""max_speed_mph"": 11.5, ""color"": ""Black""}",13.03,EUR
cfb8764f-a024-41ed-9889-28795eea8dcd,B06850369,SKU-70161,Adjustable Dumbbell Set 157,CourtPro,CO-Series287,Strength Training,Available,202,"{""material"": ""Rubber Coated"", ""weight_lb"": 55, ""color"": ""Blue""}",11.37,EUR
01abbb46-3312-452d-b602-cd88b2578af0,B07278533,SKU-83591,Resistance Bands Kit 347,CourtPro,CO-Core48,Functional Training,Available,349,"{""tension_levels"": ""X-Heavy"", ""includes_door_anchor"": true, ""color"": ""Black""}",4.87,EUR
ebc2d7cb-1694-4637-9f08-d3cf2b233d1f,B06454894,SKU-46291,Foam Roller 153,Momentum,MO-Max46,Recovery,Available,151,"{""density"": ""Firm"", ""length_in"": 15, ""color"": ""Red""}",6.35,EUR
0ac6fabe-47da-4f3c-aa4d-5354a6debbe4,B03347627,SKU-13336,Resistance Bands Kit 265,FlexBands,FL-Advance29,Functional Training,Available,173,"{""tension_levels"": ""Medium"", ""includes_door_anchor"": true, ""color"": ""Green""}",11.22,EUR
d28c26bb-d399-4647-9b7f-34ac21783584,B04186247,SKU-54979,Foam Roller 215,Enduro,EN-Series243,Recovery,Available,302,"{""density"": ""Medium"", ""length_in"": 24, ""color"": ""Black""}",15.25,EUR
0e7727b6-b46e-4f93-be01-2af942afc36b,B04038955,SKU-48506,Foam Roller 244,CourtPro,CO-Edge91,Recovery,Available,97,"{""density"": ""Firm"", ""length_in"": 23, ""color"": ""Green""}",7.11,EUR
9ad9788f-7580-4e16-97a5-d2cd36d59aef,B06630978,SKU-95778,Adjustable Dumbbell Set 372,Enduro,EN-Pro43,Strength Training,OutOfStock,460,"{""material"": ""Rubber Coated"", ""weight_lb"": 58, ""color"": ""Gray""}",4.37,EUR
6c4c66c6-2482-4b54-a7cd-ff625babc9d9,B05933359,SKU-70786,Adjustable Dumbbell Set 382,CourtPro,CO-Prime38,Strength Training,Available,309,"{""material"": ""Cast Iron"", ""weight_lb"": 36, ""color"": ""Blue""}",8.02,EUR
a33eb2ef-7785-48a6-abe2-2c44a9f46bb6,B04263903,SKU-75598,Adjustable Dumbbell Set 299,Enduro,EN-X191,Strength Training,Available,465,"{""material"": ""Rubber Coated"", ""weight_lb"": 70, ""color"": ""Green""}",11.47,EUR
9107123d-bf85-41a9-9992-99943f446b75,B06749046,SKU-63633,Adjustable Dumbbell Set 212,GymNova,GY-Edge48,Strength Training,Available,112,"{""material"": ""Alloy Steel"", ""weight_lb"": 65, ""color"": ""Gray""}",7.43,EUR
f0f7a026-7a5c-41ed-8d5f-f5b23f126012,B06258215,SKU-93165,Indoor Basketball 367,Enduro,EN-Pro50,Team Sports,Available,100,"{""surface"": ""Composite Leather"", ""regulation"": true, ""color"": ""Red""}",8.72,EUR
0f194e36-8290-4ab5-a06d-0c577aeef144,B02477088,SKU-26961,Adjustable Dumbbell Set 108,IronFlex,IR-Core45,Strength Training,Available,400,"{""material"": ""Alloy Steel"", ""weight_lb"": 46, ""color"": ""Gray""}",8.46,EUR
259c41a7-2eda-41e7-b072-8f0f08d6a292,B07259602,SKU-11845,Indoor Basketball 220,GymNova,GY-Ultra61,Team Sports,Available,112,"{""surface"": ""Synthetic Leather"", ""regulation"": false, ""color"": ""Black""}",7.49,EUR
f3f88782-8b81-4130-b482-b67dec5ba826,B06236039,SKU-26899,Resistance Bands Kit 347,Kinetic,KI-Advance12,Functional Training,Available,186,"{""tension_levels"": ""Light"", ""includes_door_anchor"": true, ""color"": ""Gray""}",10.60,EUR
e605a78e-3709-4ee9-852c-6672380063d1,B08649174,SKU-78195,Adjustable Dumbbell Set 157,GymNova,GY-Edge85,Strength Training,Available,158,"{""material"": ""Alloy Steel"", ""weight_lb"": 14, ""color"": ""Black""}",7.27,EUR
c9338e47-06a1-4708-a459-c92e7f97d844,B03766286,SKU-62873,Indoor Basketball 352,Kinetic,KI-Prime65,Team Sports,Available,106,"{""surface"": ""Composite Leather"", ""regulation"": false, ""color"": ""Red""}",4.77,EUR
076b3d39-6151-46a4-993c-274d72298af5,B07150383,SKU-95267,Adjustable Dumbbell Set 109,CourtPro,CO-Advance26,Strength Training,Available,73,"{""material"": ""Rubber Coated"", ""weight_lb"": 11, ""color"": ""Green""}",4.53,EUR
87773259-b64c-4e60-acc5-e4bedfafb0bf,B01331211,SKU-16322,Adjustable Dumbbell Set 320,GymNova,GY-Series278,Strength Training,Available,344,"{""material"": ""Alloy Steel"", ""weight_lb"": 48, ""color"": ""Black""}",12.74,EUR
d3141b79-6bbc-4428-8715-a5a1be7baf99,B04447632,SKU-99881,Foam Roller 195,ZenFlow,ZE-Ultra66,Recovery,Available,88,"{""density"": ""Soft"", ""length_in"": 29, ""color"": ""Blue""}",10.10,EUR
50bab473-1e5e-49a0-88d9-4ca08ad4b049,B03301222,SKU-64896,Foam Roller 339,IronFlex,IR-Series263,Recovery,Available,320,"{""density"": ""Soft"", ""length_in"": 33, ""color"": ""Green""}",3.97,EUR
a3d28116-f683-4883-9f8e-8e1d0adde4d7,B04351238,SKU-44471,Adjustable Dumbbell Set 145,Kinetic,KI-Max25,Strength Training,Available,321,"{""material"": ""Alloy Steel"", ""weight_lb"": 60, ""color"": ""Black""}",6.22,EUR
75edbe87-a5f5-46b9-b649-d87ecaf18b7c,B09064202,SKU-53332,Indoor Basketball 152,CourtPro,CO-Prime62,Team Sports,Available,116,"{""surface"": ""Composite Leather"", ""regulation"": true, ""color"": ""Green""}",11.38,EUR
ea4cc187-8c63-41fd-b863-5b3084da9fcf,B09584991,SKU-19836,Folding Treadmill 46,IronFlex,IR-X195,Cardio Equipment,Available,56,"{""motor_hp"": 3.3, ""max_speed_mph"": 11.3, ""color"": ""Red""}",9.26,EUR
8258bd6f-a60a-4a8b-ad1e-eabb82b2946d,B03931009,SKU-15170,Foam Roller 119,ZenFlow,ZE-Series292,Recovery,Available,61,"{""density"": ""Medium"", ""length_in"": 21, ""color"": ""Blue""}",5.79,EUR
a29848dd-607b-4cf4-90fa-274914c401a8,B03860721,SKU-53078,Resistance Bands Kit 379,AeroFit,AE-Prime64,Functional Training,Available,80,"{""tension_levels"": ""Light"", ""includes_door_anchor"": true, ""color"": ""Black""}",5.19,EUR
7047152a-5258-4628-bc5d-e38456afc825,B07715084,SKU-69839,Resistance Bands Kit 376,Enduro,EN-Max44,Functional Training,Available,215,"{""tension_levels"": ""Light"", ""includes_door_anchor"": false, ""color"": ""Blue""}",10.18,EUR
cb29da4d-02fd-4183-8ea6-60929b42910b,B03674211,SKU-23593,Resistance Bands Kit 333,GymNova,GY-Core63,Functional Training,Available,40,"{""tension_levels"": ""Medium"", ""includes_door_anchor"": true, ""color"": ""Gray""}",11.49,EUR
432ac1a0-6fc2-4ccf-a988-df001507ac40,B03192032,SKU-73318,Eco Yoga Mat 348,Momentum,MO-Core82,Yoga,Available,451,"{""length_cm"": 180.4, ""thickness_mm"": 6.4, ""color"": ""Blue""}",6.27,EUR
07602089-c796-4afd-900d-974f593ecf42,B09804983,SKU-85582,Eco Yoga Mat 24,ZenFlow,ZE-Ultra66,Yoga,Available,357,"{""length_cm"": 174.1, ""thickness_mm"": 6.6, ""color"": ""Black""}",15.38,EUR
b817c056-b9b3-4572-8c50-adf513068ebd,B05170429,SKU-73167,Foam Roller 174,Momentum,MO-Advance95,Recovery,Available,348,"{""density"": ""Firm"", ""length_in"": 28, ""color"": ""Green""}",10.98,EUR
2fca8423-3b1c-46da-976f-a16298abc023,B09318729,SKU-31679,Resistance Bands Kit 314,GymNova,GY-Pro81,Functional Training,Available,250,"{""tension_levels"": ""Light"", ""includes_door_anchor"": true, ""color"": ""Gray""}",10.26,EUR
79910d31-5307-428f-8ff3-9ce4a9c8f955,B07352484,SKU-62858,Adjustable Dumbbell Set 170,Enduro,EN-Prime40,Strength Training,Available,339,"{""material"": ""Cast Iron"", ""weight_lb"": 13, ""color"": ""Green""}",10.05,EUR
67a1d405-fc2a-4003-b20e-eba6c3453a1b,B01298116,SKU-23453,Folding Treadmill 294,ZenFlow,ZE-Core66,Cardio Equipment,Available,264,"{""motor_hp"": 2.4, ""max_speed_mph"": 11.4, ""color"": ""Red""}",13.33,EUR
846b024d-09db-48a6-808b-6080b7eca88d,B06110305,SKU-76628,Eco Yoga Mat 282,GymNova,GY-X181,Yoga,OutOfStock,326,"{""length_cm"": 173.0, ""thickness_mm"": 4.4, ""color"": ""Green""}",4.57,EUR
a1b06746-5d77-40eb-978a-be0f64b36f71,B08937865,SKU-96136,Indoor Basketball 187,CourtPro,CO-Core53,Team Sports,Available,402,"{""surface"": ""Composite Leather"", ""regulation"": true, ""color"": ""Red""}",5.37,EUR
4ba7c377-79eb-40a8-b3ed-a5c402d1b075,B05898671,SKU-81786,Resistance Bands Kit 389,Enduro,EN-Elite22,Functional Training,Available,334,"{""tension_levels"": ""Medium"", ""includes_door_anchor"": true, ""color"": ""Blue""}",10.88,EUR
9086665c-833e-4bdc-8e91-3243321034ac,B04287016,SKU-34581,Indoor Basketball 85,AeroFit,AE-Elite15,Team Sports,Available,322,"{""surface"": ""Synthetic Leather"", ""regulation"": true, ""color"": ""Red""}",8.04,EUR
b92e5a7d-b9d9-43a0-833b-0a2e989e6a89,B03067274,SKU-69048,Adjustable Dumbbell Set 98,GymNova,GY-Advance68,Strength Training,Available,33,"{""material"": ""Rubber Coated"", ""weight_lb"": 31, ""color"": ""Black""}",11.49,EUR
4465c27e-8c54-41ec-ba44-b7c33e499cc8,B09102253,SKU-76628,Eco Yoga Mat 256,Momentum,MO-Edge27,Yoga,OutOfStock,429,"{""length_cm"": 173.1, ""thickness_mm"": 6.9, ""color"": ""Green""}",13.20,EUR
c4c1fad4-3e3a-47ef-86b0-2e73800edc7e,B08024028,SKU-89822,Folding Treadmill 54,Momentum,MO-Pro26,Cardio Equipment,Available,206,"{""motor_hp"": 2.3, ""max_speed_mph"": 10.4, ""color"": ""Blue""}",8.52,EUR
a36617c2-b6b3-4140-a983-7c8fc9bd188d,B09594877,SKU-49179,Foam Roller 176,CourtPro,CO-Series260,Recovery,Available,318,"{""density"": ""Medium"", ""length_in"": 26, ""color"": ""Gray""}",8.32,EUR
c30f2df2-47d4-4f57-8d60-61740b8bc227,B06793064,SKU-98129,Foam Roller 324,Kinetic,KI-Prime80,Recovery,Available,158,"{""density"": ""Soft"", ""length_in"": 18, ""color"": ""Gray""}",8.63,EUR
25734720-d936-4bfa-9e42-7816a4fe3759,B08004117,SKU-98374,Folding Treadmill 356,PulseStride,PU-Edge79,Cardio Equipment,Available,308,"{""motor_hp"": 2.8, ""max_speed_mph"": 10.8, ""color"": ""Blue""}",8.99,EUR
0da5315f-495f-4c91-889b-b2e53f09a12a,B01949670,SKU-36201,Foam Roller 7,Kinetic,KI-Series264,Recovery,Available,37,"{""density"": ""Firm"", ""length_in"": 15, ""color"": ""Black""}",4.16,EUR
24c5f102-9c17-49de-a9e7-64b4c70af500,B01542011,SKU-57013,Resistance Bands Kit 129,PulseStride,PU-Series297,Functional Training,Available,287,"{""tension_levels"": ""Medium"", ""includes_door_anchor"": true, ""color"": ""Blue""}",12.75,EUR
27c45b45-7469-4081-8c6b-5bea684372fb,B05825775,SKU-97096,Eco Yoga Mat 379,ZenFlow,ZE-Max96,Yoga,Available,271,"{""length_cm"": 182.6, ""thickness_mm"": 4.9, ""color"": ""Green""}",5.70,EUR
25b155c3-c127-4c1c-ac65-5d19ac3a6ec8,B04407238,SKU-91338,Adjustable Dumbbell Set 351,GymNova,GY-Ultra63,Strength Training,Available,138,"{""material"": ""Cast Iron"", ""weight_lb"": 45, ""color"": ""Black""}",3.72,EUR
cfe64a1a-0733-42da-8dbe-0b96d5013e09,B02249382,SKU-34507,Eco Yoga Mat 280,CourtPro,CO-Prime85,Yoga,Available,100,"{""length_cm"": 185.6, ""thickness_mm"": 4.8, ""color"": ""Gray""}",10.00,EUR
fbd4b00e-3974-4e87-b447-b893a7a5bf5c,B05278461,SKU-10739,Folding Treadmill 21,Kinetic,KI-Elite58,Cardio Equipment,Available,443,"{""motor_hp"": 2.4, ""max_speed_mph"": 10.2, ""color"": ""Gray""}",4.51,EUR
cbd4d363-ea5e-4f70-90a4-e173361e2ffb,B09230079,SKU-85061,Resistance Bands Kit 79,Enduro,EN-Pro15,Functional Training,OutOfStock,154,"{""tension_levels"": ""Heavy"", ""includes_door_anchor"": true, ""color"": ""Green""}",10.30,EUR
a22e11e1-91bc-44cb-9528-528a447ee456,B03673793,SKU-64516,Indoor Basketball 270,AeroFit,AE-Elite50,Team Sports,Available,268,"{""surface"": ""Composite Leather"", ""regulation"": true, ""color"": ""Green""}",4.30,EUR
2e2d93b5-0d2f-4bdb-8588-e6576598f7ac,B04664903,SKU-91039,Indoor Basketball 179,Kinetic,KI-Ultra21,Team Sports,Available,160,"{""surface"": ""Composite Leather"", ""regulation"": true, ""color"": ""Blue""}",7.00,EUR
584d07ca-f300-46c2-a4c5-9c1a8c75e94a,B05090740,SKU-15226,Indoor Basketball 5,Enduro,EN-Edge93,Team Sports,Available,338,"{""surface"": ""Composite Leather"", ""regulation"": false, ""color"": ""Red""}",15.41,EUR
26cea2c8-fde2-448a-845d-f51ead2898b3,B07290752,SKU-77411,Foam Roller 198,AeroFit,AE-Ultra24,Recovery,Available,274,"{""density"": ""Medium"", ""length_in"": 29, ""color"": ""Blue""}",7.29,EUR
e1735aea-56f5-4ea6-bdc8-93a6d4851aa4,B03808418,SKU-80513,Indoor Basketball 152,Enduro,EN-Core15,Team Sports,Available,59,"{""surface"": ""Composite Leather"", ""regulation"": false, ""color"": ""Green""}",9.86,EUR
4b322c4d-4208-483b-b38d-ec53a4fc5434,B08302077,SKU-94746,Indoor Basketball 344,IronFlex,IR-Elite36,Team Sports,Available,434,"{""surface"": ""Composite Leather"", ""regulation"": false, ""color"": ""Black""}",11.93,EUR
2914afab-6661-47f5-adae-37d6979361c3,B05226314,SKU-83149,Adjustable Dumbbell Set 368,PulseStride,PU-X168,Strength Training,Available,101,"{""material"": ""Cast Iron"", ""weight_lb"": 12, ""color"": ""Black""}",9.29,EUR
6acf01d4-9b92-45f8-aa0a-80a193f7ec78,B07534756,SKU-98250,Adjustable Dumbbell Set 209,Momentum,MO-Advance43,Strength Training,Available,18,"{""material"": ""Cast Iron"", ""weight_lb"": 38, ""color"": ""Red""}",3.77,EUR
0481e9bc-a125-4a8b-8b78-e9d0b3c2d34b,B02217848,SKU-56884,Adjustable Dumbbell Set 369,Kinetic,KI-X192,Strength Training,Available,444,"{""material"": ""Rubber Coated"", ""weight_lb"": 14, ""color"": ""Green""}",13.98,EUR
f443e3cf-9217-428c-896b-7613bb18c03f,B01517059,SKU-72126,Indoor Basketball 155,ZenFlow,ZE-Series297,Team Sports,Available,430,"{""surface"": ""Composite Leather"", ""regulation"": false, ""color"": ""Red""}",8.54,EUR
3a13431f-10ff-49d1-9c71-67a5cb3a794f,B03417186,SKU-49066,Folding Treadmill 383,Kinetic,KI-Advance27,Cardio Equipment,Available,334,"{""motor_hp"": 2.3, ""max_speed_mph"": 11.2, ""color"": ""Green""}",10.85,EUR
05bfcdd4-1151-42c8-85fa-8219b9c84cda,B07611593,SKU-80405,Foam Roller 285,AeroFit,AE-X180,Recovery,Available,315,"{""density"": ""Soft"", ""length_in"": 15, ""color"": ""Black""}",4.71,EUR
39e8a960-9ac6-43f1-8339-6d5b70ae6db7,B09599207,SKU-28671,Indoor Basketball 384,ZenFlow,ZE-Series236,Team Sports,OutOfStock,435,"{""surface"": ""Synthetic Leather"", ""regulation"": true, ""color"": ""Red""}",3.59,EUR
5b02e332-fe4e-49b6-911a-3da010464359,B08738745,SKU-94498,Folding Treadmill 130,PulseStride,PU-Advance88,Cardio Equipment,OutOfStock,435,"{""motor_hp"": 1.9, ""max_speed_mph"": 8.7, ""color"": ""Green""}",4.75,EUR
1f273d4e-4911-4add-b92b-079e69acd84d,B06550757,SKU-56810,Indoor Basketball 35,ZenFlow,ZE-Series295,Team Sports,Available,259,"{""surface"": ""Synthetic Leather"", ""regulation"": true, ""color"": ""Gray""}",13.94,EUR
6958c45c-6af2-4613-83e8-cd86b140f8fc,B06128383,SKU-86568,Folding Treadmill 318,CourtPro,CO-Elite46,Cardio Equipment,Available,325,"{""motor_hp"": 1.6, ""max_speed_mph"": 8.8, ""color"": ""Red""}",5.93,EUR
a9c817e7-e147-4f26-9311-b1a6107eb683,B08316947,SKU-46264,Folding Treadmill 162,Momentum,MO-Max56,Cardio Equipment,Available,123,"{""motor_hp"": 3.4, ""max_speed_mph"": 8.7, ""color"": ""Blue""}",5.23,EUR
b22fb7ff-da6b-4709-b3ae-6a8580b09246,B03948933,SKU-94613,Resistance Bands Kit 237,PulseStride,PU-Prime71,Functional Training,Available,65,"{""tension_levels"": ""X-Heavy"", ""includes_door_anchor"": false, ""color"": ""Blue""}",7.84,EUR
811747f6-c547-4122-b8a4-37e46d4bdedf,B01312564,SKU-76476,Indoor Basketball 276,ZenFlow,ZE-Series227,Team Sports,Available,466,"{""surface"": ""Composite Leather"", ""regulation"": false, ""color"": ""Black""}",6.69,EUR
e71817bd-6d81-456a-9c0e-37e9e3353590,B08920589,SKU-95709,Foam Roller 208,IronFlex,IR-Max84,Recovery,Available,288,"{""density"": ""Firm"", ""length_in"": 18, ""color"": ""Black""}",3.92,EUR
5f9fcff0-eee7-4aa1-a9e1-014a0c04bcf8,B02519244,SKU-62007,Folding Treadmill 396,AeroFit,AE-Ultra38,Cardio Equipment,Available,271,"{""motor_hp"": 2.7, ""max_speed_mph"": 11.4, ""color"": ""Gray""}",13.61,EUR
cbeaa793-b25d-4b3d-bf41-f73d717524d6,B03452813,SKU-73373,Resistance Bands Kit 123,Kinetic,KI-X194,Functional Training,Available,299,"{""tension_levels"": ""Medium"", ""includes_door_anchor"": true, ""color"": ""Red""}",3.56,EUR
018e499f-954a-416c-a3f8-bdaab9b2c007,B04469093,SKU-77880,Resistance Bands Kit 119,IronFlex,IR-Advance72,Functional Training,Available,352,"{""tension_levels"": ""Light"", ""includes_door_anchor"": false, ""color"": ""Blue""}",13.02,EUR
6826f727-b810-474a-a53b-f2167de6ed5b,B05588489,SKU-44513,Resistance Bands Kit 24,GymNova,GY-Core68,Functional Training,Available,276,"{""tension_levels"": ""Light"", ""includes_door_anchor"": false, ""color"": ""Black""}",5.99,EUR
b2f5acab-c4a0-4ab1-8a8c-25359f0bc021,B02305896,SKU-77720,Indoor Basketball 193,Kinetic,KI-Max32,Team Sports,Available,437,"{""surface"": ""Synthetic Leather"", ""regulation"": false, ""color"": ""Green""}",12.61,EUR
e4ae0d25-ed54-4dd4-b7c7-1a76ec26d27a,B01110690,SKU-75776,Resistance Bands Kit 208,GymNova,GY-Advance76,Functional Training,Available,464,"{""tension_levels"": ""Heavy"", ""includes_door_anchor"": false, ""color"": ""Red""}",13.67,EUR
6d3cb106-9b9f-438c-bb90-93ff12a9a510,B02985251,SKU-96652,Folding Treadmill 40,Enduro,EN-Pro39,Cardio Equipment,Available,195,"{""motor_hp"": 2.5, ""max_speed_mph"": 9.1, ""color"": ""Gray""}",8.09,EUR
e8b7710a-fa2e-430d-bd4f-7510db5d7c08,B07893744,SKU-12942,Folding Treadmill 247,GymNova,GY-Prime24,Cardio Equipment,Available,436,"{""motor_hp"": 2.9, ""max_speed_mph"": 9.9, ""color"": ""Green""}",15.35,EUR
749874e8-b6d2-48c7-8cc5-bbe86d001e53,B01938047,SKU-31802,Folding Treadmill 304,IronFlex,IR-Pro83,Cardio Equipment,OutOfStock,75,"{""motor_hp"": 1.8, ""max_speed_mph"": 10.5, ""color"": ""Black""}",15.83,EUR
637cc9df-1803-41db-9808-827a56dbe849,B08909005,SKU-73133,Resistance Bands Kit 307,PulseStride,PU-Edge61,Functional Training,Available,320,"{""tension_levels"": ""Light"", ""includes_door_anchor"": false, ""color"": ""Black""}",13.11,EUR
07ae277d-6d65-4907-becb-a44e23e6e9ce,B05437920,SKU-31983,Folding Treadmill 74,CourtPro,CO-Ultra86,Cardio Equipment,Available,271,"{""motor_hp"": 3.1, ""max_speed_mph"": 11.3, ""color"": ""Gray""}",5.73,EUR
9a779adb-2c11-48d5-b05f-b760e3125119,B01277874,SKU-36522,Foam Roller 303,AeroFit,AE-Core86,Recovery,Available,65,"{""density"": ""Soft"", ""length_in"": 19, ""color"": ""Red""}",11.34,EUR
cb5963a7-9e92-4766-8f62-6df40bcd74b1,B01654924,SKU-79655,Indoor Basketball 311,Kinetic,KI-Ultra29,Team Sports,OutOfStock,307,"{""surface"": ""Composite Leather"", ""regulation"": true, ""color"": ""Red""}",13.98,EUR
1c216cb2-1c90-4b5b-914a-4d82b6410895,B01728773,SKU-79444,Indoor Basketball 338,ZenFlow,ZE-Elite71,Team Sports,Available,199,"{""surface"": ""Composite Leather"", ""regulation"": true, ""color"": ""Red""}",5.42,EUR
ca5da42d-8b86-4388-be08-218201fe78fc,B05270103,SKU-72539,Eco Yoga Mat 180,CourtPro,CO-Core58,Yoga,Available,78,"{""length_cm"": 183.0, ""thickness_mm"": 7.0, ""color"": ""Green""}",7.61,EUR
103690b1-1c6a-41ed-8237-800acbad85c0,B09720156,SKU-10942,Folding Treadmill 279,ZenFlow,ZE-Series286,Cardio Equipment,Available,70,"{""motor_hp"": 2.3, ""max_speed_mph"": 8.8, ""color"": ""Black""}",8.84,EUR
f7de3d2f-0731-4722-8ac6-f47a4017b901,B09994347,SKU-65517,Eco Yoga Mat 186,CourtPro,CO-Prime62,Yoga,Available,447,"{""length_cm"": 174.8, ""thickness_mm"": 5.7, ""color"": ""Green""}",7.18,EUR
ae69b61d-dc9e-4e47-a7a4-053a727612da,B09094465,SKU-33425,Indoor Basketball 349,AeroFit,AE-Max45,Team Sports,Available,295,"{""surface"": ""Synthetic Leather"", ""regulation"": true, ""color"": ""Red""}",13.16,EUR
1a5baea4-f4d6-44a6-aa66-622a70466c82,B02997927,SKU-40116,Resistance Bands Kit 130,Kinetic,KI-Edge71,Functional Training,Available,447,"{""tension_levels"": ""Heavy"", ""includes_door_anchor"": false, ""color"": ""Red""}",9.34,EUR
89312b70-2e27-48b7-8415-1a42760e3e97,B01873301,SKU-31068,Eco Yoga Mat 261,PulseStride,PU-Elite37,Yoga,Available,360,"{""length_cm"": 179.8, ""thickness_mm"": 5.4, ""color"": ""Green""}",6.15,EUR
c442387a-e933-40cd-b1ff-5e2265bfa1ec,B02342843,SKU-89826,Eco Yoga Mat 242,IronFlex,IR-Elite28,Yoga,Available,199,"{""length_cm"": 188.7, ""thickness_mm"": 5.7, ""color"": ""Black""}",6.34,EUR
5b64d2e0-99bd-4936-aa0b-0cb2193c735c,B03940561,SKU-93924,Adjustable Dumbbell Set 336,GymNova,GY-Ultra88,Strength Training,Available,406,"{""material"": ""Rubber Coated"", ""weight_lb"": 28, ""color"": ""Green""}",6.10,EUR
b89f312a-0577-44ec-bcd0-441e7667a1d3,B09565571,SKU-77608,Eco Yoga Mat 337,Enduro,EN-X135,Yoga,Available,316,"{""length_cm"": 188.8, ""thickness_mm"": 6.1, ""color"": ""Gray""}",13.70,EUR
c4b978e0-cbf8-4f70-9c3c-95afe498301f,B02456980,SKU-46167,Foam Roller 346,CourtPro,CO-Max31,Recovery,Available,90,"{""density"": ""Soft"", ""length_in"": 23, ""color"": ""Gray""}",15.83,EUR
9f0d1ddc-761c-452e-913d-d203cafe2ec0,B05773013,SKU-83284,Eco Yoga Mat 301,AeroFit,AE-Ultra61,Yoga,OutOfStock,281,"{""length_cm"": 176.4, ""thickness_mm"": 4.1, ""color"": ""Black""}",14.80,EUR
ce9a8ef6-c8a6-40ba-a270-31d2a7ca63fa,B03936596,SKU-63363,Indoor Basketball 116,AeroFit,AE-Prime45,Team Sports,Available,143,"{""surface"": ""Composite Leather"", ""regulation"": false, ""color"": ""Red""}",5.76,EUR
dfb3cc24-b49c-48b7-a96a-4c0f5898e9c8,B05323377,SKU-80504,Indoor Basketball 258,ZenFlow,ZE-Edge19,Team Sports,OutOfStock,489,"{""surface"": ""Synthetic Leather"", ""regulation"": false, ""color"": ""Black""}",15.90,EUR
ac0a062d-d433-4563-a7c4-d11a3e85e4ef,B08729606,SKU-86916,Indoor Basketball 289,FlexBands,FL-Core58,Team Sports,OutOfStock,234,"{""surface"": ""Synthetic Leather"", ""regulation"": true, ""color"": ""Blue""}",3.62,EUR
dd74809b-02bc-4b56-a41c-a36287edd797,B06297082,SKU-64057,Adjustable Dumbbell Set 35,Enduro,EN-Elite43,Strength Training,Available,127,"{""material"": ""Cast Iron"", ""weight_lb"": 50, ""color"": ""Gray""}",6.30,EUR
1ac03520-9457-4acc-a493-9cbc19604aca,B06737688,SKU-19965,Resistance Bands Kit 359,Kinetic,KI-Edge11,Functional Training,Available,354,"{""tension_levels"": ""Heavy"", ""includes_door_anchor"": true, ""color"": ""Blue""}",12.49,EUR
09289290-e253-47c2-a6c1-eb696c978fc1,B04190481,SKU-75404,Indoor Basketball 182,PulseStride,PU-Core50,Team Sports,OutOfStock,349,"{""surface"": ""Composite Leather"", ""regulation"": false, ""color"": ""Gray""}",14.90,EUR
86d1449c-e921-45bf-917f-f6c685fb7b6a,B06973148,SKU-30446,Foam Roller 136,CourtPro,CO-Advance40,Recovery,OutOfStock,428,"{""density"": ""Soft"", ""length_in"": 19, ""color"": ""Gray""}",14.93,EUR
6379ef95-6193-4105-8b07-4a683d676bdc,B01709057,SKU-73214,Adjustable Dumbbell Set 340,ZenFlow,ZE-Elite96,Strength Training,Available,287,"{""material"": ""Cast Iron"", ""weight_lb"": 49, ""color"": ""Black""}",8.96,EUR
ec3ec393-9122-42c2-8af3-b93abb2c6f45,B09575399,SKU-46735,Resistance Bands Kit 295,Momentum,MO-Prime73,Functional Training,OutOfStock,468,"{""tension_levels"": ""Heavy"", ""includes_door_anchor"": false, ""color"": ""Gray""}",11.62,EUR
7b5d725a-7dc7-46ed-9786-6af6217de1d8,B07605473,SKU-99959,Eco Yoga Mat 28,CourtPro,CO-Max26,Yoga,Available,187,"{""length_cm"": 181.9, ""thickness_mm"": 5.7, ""color"": ""Green""}",8.56,EUR
29a52d5c-165f-4bca-ac29-9567fcb20972,B02690268,SKU-52655,Folding Treadmill 266,Enduro,EN-Elite99,Cardio Equipment,Available,204,"{""motor_hp"": 2.4, ""max_speed_mph"": 10.8, ""color"": ""Black""}",14.10,EUR
d403048d-8d1f-4abf-bcb2-5ccb878612e4,B06756203,SKU-57962,Resistance Bands Kit 281,Momentum,MO-Series233,Functional Training,Available,323,"{""tension_levels"": ""Heavy"", ""includes_door_anchor"": true, ""color"": ""Blue""}",14.10,EUR
204b6dfb-800e-48d4-b7b4-c7b733b6cde7,B03200150,SKU-85483,Folding Treadmill 215,Enduro,EN-Ultra36,Cardio Equipment,Available,102,"{""motor_hp"": 2.9, ""max_speed_mph"": 9.5, ""color"": ""Red""}",5.27,EUR
b3e4b819-de62-44be-ad48-dbd177211a86,B03509000,SKU-71995,Foam Roller 121,CourtPro,CO-Elite44,Recovery,Available,419,"{""density"": ""Firm"", ""length_in"": 25, ""color"": ""Red""}",7.06,EUR
565b587c-b46f-4c72-a80d-5b8192d74c37,B09164132,SKU-49326,Adjustable Dumbbell Set 69,PulseStride,PU-Ultra73,Strength Training,Available,412,"{""material"": ""Rubber Coated"", ""weight_lb"": 43, ""color"": ""Green""}",10.59,EUR
71f90132-8c1b-4f6a-b675-396af50df3e3,B08995004,SKU-92557,Resistance Bands Kit 204,Kinetic,KI-Max16,Functional Training,Available,140,"{""tension_levels"": ""Light"", ""includes_door_anchor"": true, ""color"": ""Black""}",12.56,EUR
f91829eb-23d1-43b0-b2ce-a2caafb813f5,B06773715,SKU-12599,Adjustable Dumbbell Set 185,Enduro,EN-Prime43,Strength Training,OutOfStock,131,"{""material"": ""Cast Iron"", ""weight_lb"": 45, ""color"": ""Green""}",14.01,EUR
fee8388d-8512-4b79-b26d-5b48b35c3217,B05774942,SKU-56544,Eco Yoga Mat 311,ZenFlow,ZE-Prime96,Yoga,Available,409,"{""length_cm"": 176.4, ""thickness_mm"": 6.3, ""color"": ""Green""}",10.14,EUR
f551adf7-1a6b-48ca-95cf-75affbfab8bb,B03811450,SKU-93962,Resistance Bands Kit 41,Kinetic,KI-Core67,Functional Training,Available,84,"{""tension_levels"": ""X-Heavy"", ""includes_door_anchor"": false, ""color"": ""Red""}",7.82,EUR
c49f8a4c-71f5-45ae-ab05-c3945a97849c,B06316334,SKU-95591,Resistance Bands Kit 208,GymNova,GY-Max83,Functional Training,Available,170,"{""tension_levels"": ""Light"", ""includes_door_anchor"": true, ""color"": ""Gray""}",10.66,EUR
bc206f87-5dea-4430-8377-80f80d81a75c,B08554590,SKU-64262,Resistance Bands Kit 203,FlexBands,FL-Max92,Functional Training,Available,276,"{""tension_levels"": ""Heavy"", ""includes_door_anchor"": false, ""color"": ""Blue""}",5.62,EUR
c708d4a5-a100-48c1-8a03-8a369d3a79da,B02728209,SKU-22524,Folding Treadmill 373,PulseStride,PU-X126,Cardio Equipment,Available,213,"{""motor_hp"": 2.0, ""max_speed_mph"": 9.0, ""color"": ""Black""}",10.00,EUR
baef19cb-fb6d-4da2-a569-496dc01daac2,B03605071,SKU-21050,Adjustable Dumbbell Set 14,Enduro,EN-Edge16,Strength Training,Available,326,"{""material"": ""Cast Iron"", ""weight_lb"": 43, ""color"": ""Black""}",9.28,EUR
a1fd02d2-ffcf-46bc-b579-8f1b3c11a595,B09837269,SKU-32361,Foam Roller 127,GymNova,GY-Series239,Recovery,Available,77,"{""density"": ""Firm"", ""length_in"": 21, ""color"": ""Red""}",5.83,EUR
c0c3546b-a576-4650-86c7-da442e2f1ef2,B08463259,SKU-27709,Adjustable Dumbbell Set 244,IronFlex,IR-Prime51,Strength Training,OutOfStock,280,"{""material"": ""Cast Iron"", ""weight_lb"": 65, ""color"": ""Green""}",3.76,EUR
201f7af1-b374-450b-bb4f-08dd4ffccf05,B09955411,SKU-50587,Foam Roller 306,Kinetic,KI-Pro85,Recovery,Available,337,"{""density"": ""Medium"", ""length_in"": 32, ""color"": ""Green""}",12.62,EUR
b716704c-e748-4239-bdba-fc7d8db1a853,B06093108,SKU-11383,Resistance Bands Kit 46,Enduro,EN-Edge39,Functional Training,Available,89,"{""tension_levels"": ""X-Heavy"", ""includes_door_anchor"": false, ""color"": ""Blue""}",4.29,EUR
612d9426-a722-4444-8f60-63981d3464ea,B09003857,SKU-49270,Adjustable Dumbbell Set 147,Kinetic,KI-Pro54,Strength Training,Available,261,"{""material"": ""Cast Iron"", ""weight_lb"": 44, ""color"": ""Black""}",13.55,EUR
acda1320-8673-4b18-ae41-e286afe70101,B08333427,SKU-61740,Adjustable Dumbbell Set 119,GymNova,GY-Series286,Strength Training,Available,461,"{""material"": ""Alloy Steel"", ""weight_lb"": 45, ""color"": ""Blue""}",7.05,EUR
32ac92ce-3335-45ad-8d8e-5f54a940496f,B05561139,SKU-47313,Folding Treadmill 113,PulseStride,PU-Ultra58,Cardio Equipment,Available,419,"{""motor_hp"": 2.0, ""max_speed_mph"": 9.7, ""color"": ""Gray""}",7.98,EUR
8d47658e-4846-47a6-af9e-ccde8d7ded6e,B08639388,SKU-90967,Foam Roller 97,Kinetic,KI-Series262,Recovery,Available,336,"{""density"": ""Soft"", ""length_in"": 17, ""color"": ""Gray""}",13.09,EUR
daf00600-3916-49a7-be19-e9a4886cea8b,B05733096,SKU-45283,Eco Yoga Mat 97,FlexBands,FL-Max72,Yoga,Available,62,"{""length_cm"": 178.5, ""thickness_mm"": 4.6, ""color"": ""Green""}",9.79,EUR
77da1c66-caa3-4d35-85da-aeefc454d930,B09361693,SKU-58679,Folding Treadmill 47,Enduro,EN-X139,Cardio Equipment,Available,412,"{""motor_hp"": 1.8, ""max_speed_mph"": 10.0, ""color"": ""Blue""}",6.30,EUR
21341da2-241c-4b65-8d57-e66ade93141d,B04046805,SKU-35191,Eco Yoga Mat 385,IronFlex,IR-Prime20,Yoga,Available,250,"{""length_cm"": 189.2, ""thickness_mm"": 4.2, ""color"": ""Red""}",15.05,EUR
038909c1-4bac-45c1-86db-283baacf4e2e,B04341683,SKU-70402,Resistance Bands Kit 394,GymNova,GY-X125,Functional Training,Available,27,"{""tension_levels"": ""Medium"", ""includes_door_anchor"": false, ""color"": ""Red""}",5.92,EUR
d2908612-2bb3-401a-b7a4-272420a9f9f1,B01707762,SKU-82034,Foam Roller 107,ZenFlow,ZE-Edge95,Recovery,OutOfStock,81,"{""density"": ""Medium"", ""length_in"": 24, ""color"": ""Blue""}",11.23,EUR
66d81e2a-587d-4e8d-88eb-bc5048fbf79d,B04653880,SKU-24801,Indoor Basketball 327,ZenFlow,ZE-Series271,Team Sports,OutOfStock,442,"{""surface"": ""Synthetic Leather"", ""regulation"": true, ""color"": ""Blue""}",13.98,EUR
a2b43c05-f0cb-4c3b-8165-cfa4c5258b9b,B01704531,SKU-86162,Folding Treadmill 86,GymNova,GY-Prime11,Cardio Equipment,Available,14,"{""motor_hp"": 3.1, ""max_speed_mph"": 10.3, ""color"": ""Red""}",8.92,EUR
961d9026-f451-4bb0-b45a-de87b8cb273a,B06677780,SKU-91937,Foam Roller 191,Enduro,EN-Max29,Recovery,Available,361,"{""density"": ""Soft"", ""length_in"": 19, ""color"": ""Gray""}",6.78,EUR
75a05a36-2dd8-4647-9f5e-bbd81f6fbc70,B06314007,SKU-83184,Adjustable Dumbbell Set 79,IronFlex,IR-Prime92,Strength Training,Available,129,"{""material"": ""Rubber Coated"", ""weight_lb"": 44, ""color"": ""Black""}",3.98,EUR
5827e3f3-7f47-41a7-98ef-d8f76d884f62,B01662507,SKU-73609,Foam Roller 11,AeroFit,AE-Core34,Recovery,Available,138,"{""density"": ""Firm"", ""length_in"": 24, ""color"": ""Blue""}",3.95,EUR
4fbdc870-00a6-4c58-b86e-60e9d78826de,B06832845,SKU-52425,Foam Roller 278,Enduro,EN-Edge47,Recovery,Available,288,"{""density"": ""Firm"", ""length_in"": 27, ""color"": ""Gray""}",9.59,EUR
fb8c019a-90f7-4011-b3f7-744891d678e0,B05418267,SKU-80989,Foam Roller 284,Enduro,EN-Series286,Recovery,Available,161,"{""density"": ""Soft"", ""length_in"": 14, ""color"": ""Green""}",15.52,EUR
70eab7e7-eecd-4e7d-9f63-14f17d7ee190,B05006173,SKU-52034,Resistance Bands Kit 260,Enduro,EN-X191,Functional Training,Available,196,"{""tension_levels"": ""X-Heavy"", ""includes_door_anchor"": true, ""color"": ""Black""}",8.78,EUR
e330bbef-812a-4f54-90f4-89688d56bc8f,B05750117,SKU-52283,Foam Roller 98,ZenFlow,ZE-Edge59,Recovery,Available,88,"{""density"": ""Firm"", ""length_in"": 33, ""color"": ""Red""}",15.78,EUR
0bd2d5ae-b7da-472e-b758-6f0116df0483,B04390323,SKU-24031,Eco Yoga Mat 268,AeroFit,AE-Elite22,Yoga,Available,26,"{""length_cm"": 184.2, ""thickness_mm"": 4.2, ""color"": ""Gray""}",5.69,EUR
1da60ea2-975b-4709-ac2e-5434abb73d2b,B05293936,SKU-16433,Eco Yoga Mat 293,CourtPro,CO-Elite14,Yoga,Available,369,"{""length_cm"": 183.9, ""thickness_mm"": 5.6, ""color"": ""Red""}",11.90,EUR
2746cf1c-c104-40ec-8a67-5373198dbb0c,B02018380,SKU-57307,Resistance Bands Kit 7,CourtPro,CO-Max19,Functional Training,Available,337,"{""tension_levels"": ""Medium"", ""includes_door_anchor"": false, ""color"": ""Black""}",9.90,EUR
bd53158d-7cac-4b6d-aeb7-373b0e62a1e5,B04622201,SKU-78089,Indoor Basketball 316,GymNova,GY-Prime17,Team Sports,OutOfStock,39,"{""surface"": ""Synthetic Leather"", ""regulation"": true, ""color"": ""Black""}",6.74,EUR
1993890d-c68c-465d-9e7d-ee89a82e7320,B04001408,SKU-83193,Adjustable Dumbbell Set 198,ZenFlow,ZE-Advance78,Strength Training,Available,301,"{""material"": ""Alloy Steel"", ""weight_lb"": 22, ""color"": ""Green""}",11.29,EUR
419df916-9055-4be5-a7c6-efec864b0b22,B08165129,SKU-23644,Foam Roller 393,Kinetic,KI-Ultra23,Recovery,Available,369,"{""density"": ""Firm"", ""length_in"": 30, ""color"": ""Blue""}",6.27,EUR
631bfdc4-63b1-4609-836f-f7961cab4dfb,B06287423,SKU-82100,Folding Treadmill 259,PulseStride,PU-Edge61,Cardio Equipment,Available,190,"{""motor_hp"": 2.2, ""max_speed_mph"": 8.6, ""color"": ""Green""}",3.93,EUR
2febf08b-fd76-4883-a7d5-e73d6d6ba26f,B05262908,SKU-57187,Resistance Bands Kit 221,AeroFit,AE-Ultra91,Functional Training,Available,202,"{""tension_levels"": ""Heavy"", ""includes_door_anchor"": true, ""color"": ""Green""}",14.59,EUR
283241d7-dc48-4aa6-94b8-7cdbfd4efc46,B06064062,SKU-10860,Eco Yoga Mat 372,Enduro,EN-Ultra10,Yoga,Available,465,"{""length_cm"": 173.6, ""thickness_mm"": 5.1, ""color"": ""Black""}",13.57,EUR
952eb7cb-471f-4630-b16e-e545f467e967,B03619042,SKU-28141,Resistance Bands Kit 12,CourtPro,CO-Advance50,Functional Training,Available,192,"{""tension_levels"": ""Heavy"", ""includes_door_anchor"": true, ""color"": ""Black""}",15.35,EUR
9a8a6e78-7867-4ff7-bd2c-bfb1f23401cc,B04647992,SKU-20118,Resistance Bands Kit 120,AeroFit,AE-Max41,Functional Training,Available,301,"{""tension_levels"": ""Heavy"", ""includes_door_anchor"": false, ""color"": ""Black""}",4.49,EUR
a66761ed-8fb6-4fb4-9885-d16b5a9869a9,B06039762,SKU-14898,Foam Roller 250,AeroFit,AE-Core32,Recovery,OutOfStock,48,"{""density"": ""Firm"", ""length_in"": 34, ""color"": ""Green""}",8.30,EUR
e9bb4d63-4581-46e0-8b46-d6e2024456fc,B08286418,SKU-64594,Foam Roller 400,Momentum,MO-Ultra20,Recovery,Available,428,"{""density"": ""Soft"", ""length_in"": 36, ""color"": ""Blue""}",12.89,EUR
a76559e1-c13e-4fce-ad23-e2cf2ece24c3,B06357242,SKU-80769,Adjustable Dumbbell Set 325,CourtPro,CO-Max11,Strength Training,Available,31,"{""material"": ""Rubber Coated"", ""weight_lb"": 34, ""color"": ""Black""}",13.46,EUR
c4433a06-a02a-488d-88b3-654a350ca1b4,B08476199,SKU-88005,Indoor Basketball 358,PulseStride,PU-Prime74,Team Sports,Available,211,"{""surface"": ""Composite Leather"", ""regulation"": true, ""color"": ""Black""}",6.44,EUR
9595f56d-f1de-42da-b161-51fa00802ada,B08983516,SKU-84899,Indoor Basketball 222,Kinetic,KI-Elite38,Team Sports,Available,52,"{""surface"": ""Synthetic Leather"", ""regulation"": false, ""color"": ""Gray""}",4.97,EUR
91501c79-65cf-4152-a307-010ed097c797,B03187332,SKU-27677,Foam Roller 135,IronFlex,IR-Edge61,Recovery,Available,367,"{""density"": ""Soft"", ""length_in"": 24, ""color"": ""Green""}",8.09,EUR
a314b026-7f48-4fef-bc48-8517a7c134b7,B05131319,SKU-41760,Eco Yoga Mat 203,Kinetic,KI-Advance72,Yoga,OutOfStock,268,"{""length_cm"": 184.1, ""thickness_mm"": 4.8, ""color"": ""Green""}",4.83,EUR
3d1c4842-8c22-4101-9b20-0f6f471c5932,B07128174,SKU-55653,Adjustable Dumbbell Set 351,FlexBands,FL-Ultra51,Strength Training,Available,226,"{""material"": ""Rubber Coated"", ""weight_lb"": 15, ""color"": ""Black""}",13.83,EUR
62f248c1-26bc-49ed-9c99-3acb41024a88,B08419054,SKU-91681,Folding Treadmill 336,AeroFit,AE-Prime86,Cardio Equipment,Available,421,"{""motor_hp"": 1.5, ""max_speed_mph"": 9.2, ""color"": ""Blue""}",4.23,EUR
01337a78-9cb2-42e6-9b0b-9b4d1c090463,B05077673,SKU-91396,Folding Treadmill 103,Enduro,EN-X139,Cardio Equipment,Available,37,"{""motor_hp"": 2.9, ""max_speed_mph"": 8.6, ""color"": ""Black""}",6.67,EUR
d181af96-b66a-4d61-ba59-96ec23e31740,B04554677,SKU-36712,Folding Treadmill 356,FlexBands,FL-X153,Cardio Equipment,Available,117,"{""motor_hp"": 3.1, ""max_speed_mph"": 9.2, ""color"": ""Red""}",5.67,EUR
a854d806-36fd-4bf6-a15e-5ffe1baf1a42,B09838222,SKU-15699,Indoor Basketball 248,Kinetic,KI-Series280,Team Sports,Available,349,"{""surface"": ""Composite Leather"", ""regulation"": true, ""color"": ""Red""}",3.57,EUR
5a095b36-bfa5-416f-8803-c1ffc837c562,B02117325,SKU-60940,Resistance Bands Kit 103,PulseStride,PU-X146,Functional Training,Available,14,"{""tension_levels"": ""Heavy"", ""includes_door_anchor"": true, ""color"": ""Red""}",12.50,EUR
f91e2d41-7efb-427b-98d2-c73699af95b5,B09531890,SKU-23055,Foam Roller 10,FlexBands,FL-Prime23,Recovery,Available,204,"{""density"": ""Medium"", ""length_in"": 32, ""color"": ""Red""}",15.65,EUR
0dc71414-c709-4001-ac59-48ece683c7d5,B01360516,SKU-15210,Resistance Bands Kit 46,Enduro,EN-Max78,Functional Training,OutOfStock,287,"{""tension_levels"": ""Medium"", ""includes_door_anchor"": true, ""color"": ""Green""}",7.49,EUR
60aec077-597b-460a-b30c-dccc1d32e2ca,B06072192,SKU-40959,Folding Treadmill 251,Kinetic,KI-Series252,Cardio Equipment,Available,191,"{""motor_hp"": 2.3, ""max_speed_mph"": 8.6, ""color"": ""Blue""}",3.93,EUR
3d365afb-f097-4ccd-856c-0ea17db90cb5,B03545240,SKU-54798,Indoor Basketball 132,FlexBands,FL-X190,Team Sports,OutOfStock,115,"{""surface"": ""Synthetic Leather"", ""regulation"": true, ""color"": ""Green""}",9.22,EUR
cbaafb38-a015-4819-b27e-d4788811b6ef,B03562705,SKU-65897,Eco Yoga Mat 267,PulseStride,PU-Elite58,Yoga,Available,303,"{""length_cm"": 189.3, ""thickness_mm"": 6.4, ""color"": ""Gray""}",15.66,EUR
2b81251b-bfb4-4a9b-b13a-b1898802169a,B04394202,SKU-28102,Resistance Bands Kit 278,Momentum,MO-Prime67,Functional Training,Available,360,"{""tension_levels"": ""Medium"", ""includes_door_anchor"": true, ""color"": ""Gray""}",8.32,EUR
3da989d8-4156-4093-95c5-0530d96879fa,B02986209,SKU-34134,Resistance Bands Kit 395,Kinetic,KI-Pro65,Functional Training,Available,282,"{""tension_levels"": ""Medium"", ""includes_door_anchor"": true, ""color"": ""Blue""}",13.33,EUR
